sensor_id,mean,std
13,15.502448170096478,12.057825749663436
15,14.964108111178424,10.998997231448456
9,17.103276927706474,13.53246309952081
12,17.770965531609406,12.882658420727068
1,15.125549966434347,9.08611908885362
4,15.152774751730574,12.348372974847177
6,15.176220977337351,10.087696238895834
11,15.835089353920546,13.924013809819328
14,15.122808525660401,10.378712331325934